dis,sta,add,das,state,cha,fee,way,ope,sty,no,Latitude,Longitude
三峽區,巴黎花都社區,新北市三峽區學成路265號,社區大樓,良好,是,10元/次,1次10元,否,充電箱,2座4充,24.9432405,121.3757222
蘆洲區,知森堂社區,新北市蘆洲區光榮路120巷8弄33號,社區大樓,良好,是,10元/次,1次10元,否,無,1座1充,25.0879715,121.4648269
新莊區,都市特區,新北市新莊區中平路270號7弄12號8樓,社區大樓,良好,是,10元/次,,否,充電箱,5座1=5充,25.0503735,121.4449472
新莊區,歐洲之星社區,新北市新莊區中原路193-203號,社區大樓,良好,是,10元/次,一小時,否,充電箱,2座2充,25.0542109,121.4515887
新莊區,峰景鳳翔社區管理委員會,新北市新莊區中正路706號1樓,社區大樓,良好,是,10元/次,1次,否,充電箱,1座４充,25.0177047,121.4093183
樹林區,愛在歐洲社區,新北市樹林區大成路20-1號,社區大樓,良好,是,20元/次,5小時,否,充電箱,5座5充,24.9454212,121.3826064
中和區,泰和園,新北市中和區泰和街1號,社區大樓,良好,是,10元/次,1次10元,否,充電箱,1座1充,25.0000638,121.4991488
樹林區,遠雄紫京城社區,新北市樹林區學勤路500號,社區大樓,良好,是,10元/次,1次10元,否,無,2座2充,24.9483331,121.3819946
五股區,五股區公所,新北市五股區中興路四段50號,公務機關-區公所,良好,否,不收費,無,是,充電箱,2,25.0830835,121.4380729
石門區,石門區公所,新北市石門區中山路66號(石門區公所),公務機關-區公所,良好,否,不收費,無,是,充電座,6,25.291248,121.567631
貢寮區,貢寮區公所,新北市貢寮區朝陽街54號,公務機關-區公所,良好,否,不收費,無,是,插頭式,2,25.0218129,121.9102931
新莊區,新莊區公所,新北市新莊區中正路176號,公務機關-區公所,良好,否,不收費,無,否,充電箱,4,25.0358322,121.4503811
萬里區,萬里區公所,新北市萬里區瑪鋉路123號,公務機關-區公所,良好,否,不收費,無,是,充電箱,2,25.1781389,121.6896032
中和區,中和區公所,新北市中和區景平路634之2號,公務機關-區公所,良好,否,不收費,無,是,充電箱,2,24.9981325,121.5002345
新店區,新店區公所,新北市新店區北新路一段80號,公務機關-區公所,良好,否,不收費,無,是,充電座,8,24.9673032,121.5415726
板橋區,板橋區公所,新北市板橋區府中路30號,公務機關-區公所,良好,否,不收費,無,是,插頭式,2,25.0097276,121.4590978
瑞芳區,瑞芳區公所,新北市瑞芳區逢甲路82號,公務機關-區公所,良好,否,不收費,無,是,插頭式,1,25.1087518,121.8098485
樹林區,樹林區公所,新北市樹林區鎮前街93號,公務機關-區公所,良好,否,不收費,無,是,充電箱,2,24.9899572,121.4246808
三峽區,三峽區公所,新北市三峽區中山路17號,公務機關-區公所,良好,否,不收費,無,是,充電箱,2,24.934109,121.3689036
永和區,永和區公所,新北市永和區竹林路200號,公務機關-區公所,良好,否,不收費,無,是,充電箱,2,25.0091622,121.5203574
汐止區,汐止區公所,新北市汐止區新台五路1段268號,公務機關-區公所,良好,否,不收費,無,是,充電箱,2,25.0564206,121.635567
深坑區,深坑區公所,新北市深坑區深坑街10號,公務機關-區公所,良好,否,不收費,無,是,充電箱,2,25.0025081,121.6160493
八里區,八里區公所,新北市八里區中山路2段356巷16號,公務機關-區公所,良好,否,不收費,無,是,充電箱,2,25.1494495,121.4014625
林口區,林口區公所,新北市林口區仁愛路1段378號,公務機關-區公所,良好,否,不收費,無,是,充電箱,2,25.0745464,121.3819578
泰山區,泰山區公所,新北市泰山區明志路1段322號,公務機關-區公所,良好,否,不收費,無,是,充電箱,2,25.0455213,121.4258457
鶯歌區,鶯歌區公所,新北市鶯歌區仁愛路55號,公務機關-區公所,良好,否,不收費,無,是,充電箱,4,24.9559029,121.3544002
金山區,金山區公所,新北市金山區金美里中正路11號,公務機關-區公所,良好,否,不收費,無,是,充電箱,2,25.2222881,121.6366802
石碇區,石碇區公所,新北市石碇區石崁路25號,公務機關-區公所,良好,否,不收費,無,是,充電箱,2,24.997481,121.6534883
板橋區,板橋地政事務所,新北市板橋區實踐路1號,公務機關-地政,良好,否,不收費,無,是,插頭式,2,25.0086149,121.4636637
新莊區,新莊地政事務所,新北市新莊區中華路一段3號,公務機關-地政,良好,否,不收費,無,是,插頭式,2,25.0363411,121.4517998
土城區,土城戶政事務所,新北市土城區和平路28號,公務機關-戶政,良好,否,不收費,無,是,插頭式,6,24.9726207,121.4432578
三峽區,三峽區清潔隊,新北市三峽區隆恩街243號,公務機關-環保局,良好,否,不收費,無,是,充電座,6,24.9407682,121.3576699
泰山區,泰山區清潔隊,新北市泰山區公園路52號3樓,公務機關-環保局,良好,否,不收費,無,是,插頭式,6,25.0549463,121.4283142
新店區,新店區清潔隊,新北市新店區民族路109號,公務機關-環保局,良好,否,不收費,無,否,插頭式,2,24.9772085,121.5384533
三重區,三重區清潔隊,新北市三重區成功路1號,公務機關-環保局,良好,否,不收費,無,否,充電箱,5,25.0504989,121.4921337
淡水區,淡水區清潔隊,新北市淡水區中正路320號,公務機關-環保局,良好,否,不收費,無,否,插頭式,2,25.1729483,121.4367123
板橋區,環保局民族路辦公室地,新北市板橋區民族路57號,公務機關-環保局,良好,否,不收費,無,否,充電箱,8,25.0090649,121.464847
板橋區,環保局民族路辦公室外側,新北市板橋區民族路57號,公務機關-環保局,良好,否,不收費,無,是,充電箱,2,25.0090649,121.464847
八里區,八里垃圾掩埋場土地公廟,新北市八里區下罟里中山路三段403號,公務機關-環保局,良好,否,不收費,無,是,充電座,4,25.1386506,121.3771501
土城區,廣福市民活動中心,新北市土城區學府路1段99巷底1樓,公務機關-其他,良好,否,不收費,無,是,充電箱,2,24.988558,121.4593375
板橋區,新北市政府稅捐稽徵處,新北市板橋區中山路一段143號,公務機關-其他,良好,否,不收費,無,是,充電箱,2,25.0115268,121.4643115
坪林區,坪林國中公車站,新北市坪林區國中路4號,公務機關-其他,良好,否,不收費,無,是,充電座,6,24.937617,121.712678
雙溪區,雙溪火車站,新北市雙溪區新基村朝陽街1號,公務機關-其他,良好,否,不收費,無,是,充電座,6,25.038562,121.866504
淡水區,淡水區老人活動中心(中興市民活動中心),新北市淡水區水源街1段29號,公務機關-其他,良好,否,不收費,無,是,充電箱,2,25.1722097,121.4445892
板橋區,新北市政府警察局板橋分局,新北市板橋區文化路1段52號,公務機關-其他,良好,無,不收費,,是,無,1,25.0187829,121.4652441
板橋區,新北市政府警察局板橋分局信義派出所,新北市板橋區廣權路28號,公務機關-其他,良好,無,不收費,,是,充電箱,2,24.9912758,121.461783
板橋區,新北市政府警察局板橋分局沙侖派出所,新北市板橋區溪北路111號,公務機關-其他,良好,無,不收費,,是,充電座,2,24.988504,121.4305364
板橋區,新北市板橋殯儀館,新北市板橋區中正路560號,公務機關-其他,良好,無,不收費,,是,充電箱,2,25.0278672,121.456763
鶯歌區,鶯歌陶瓷博物館後停車場,新北市鶯歌區文化路200號,公務機關-其他,良好,無,不收費,,是,無,2,24.949251,121.352032
三重區,三和國中,新北市三重區三和路四段216號,國中小學,良好,否,不收費,無,否,插頭式,4,25.0763987,121.4867838
三重區,明志國中,新北市三重區中正北路107號,國中小學,良好,否,不收費,無,否,插頭式,6,25.0635145,121.488926
三重區,集美國小,新北市三重區集美街10號,國中小學,良好,否,不收費,無,否,插頭式,7,25.0564706,121.4879933
土城區,土城國中,新北市土城區永寧路18號,國中小學,良好,否,不收費,無,否,插頭式,6,24.9626068,121.4299712
中和區,自強國中,新北市中和區莒光路191號,國中小學,良好,否,不收費,無,是,插頭式,4,24.9988043,121.4726327
林口區,麗林國小,新北市林口區公園路46號,國中小學,良好,否,不收費,無,否,插頭式,10,25.0687415,121.3679032
板橋區,後埔國小,新北市板橋區重慶路157號,國中小學,良好,否,不收費,無,否,插頭式,8,25.0033595,121.4626678
淡水區,育英國小,新北市淡水區埤島里14號,國中小學,良好,否,不收費,無,否,插頭式,6,25.1714198,121.4460171
淡水區,興仁國小,新北市淡水區興仁路101巷10號,國中小學,良好,否,不收費,無,否,插頭式,4,25.2175649,121.4512751
新莊區,中信國小,新北市新莊區中信街168號,國中小學,良好,否,不收費,無,否,插頭式,3,25.0562731,121.4480446
新莊區,興化國小,新北市新莊區五工二路50巷2號,國中小學,良好,否,不收費,無,是,插頭式,6,25.065854,121.461594
新莊區,裕民國小,新北市新莊區裕民街123號,國中小學,良好,否,不收費,無,否,插頭式,4,25.0218731,121.4181399
新莊區,丹鳳高中,新北市新莊區龍安路72號,高中專科,良好,否,不收費,無,否,插頭式,6,25.0210049,121.4165326
瑞芳區,欽賢國中(九份校區),新北市瑞芳區崙項路3-1號,國中小學,良好,否,不收費,無,否,無,4,25.103052,121.822098
樹林區,山佳國小,新北市樹林區中山路三段5號,國中小學,良好,否,不收費,無,否,插頭式,6,24.9754914,121.4017467
三重區,興穀國小,新北市三重區五谷王北街46號,國中小學,良好,否,不收費,無,否,插頭式,6,25.0507706,121.4755661
板橋區,光仁高中,新北市板橋區中山路二段225巷18號,高中專科,良好,否,不收費,無,否,插頭式,2,25.0173067,121.4768154
板橋區,新埔國小,新北市板橋區陽明街206號,國中小學,良好,否,不收費,無,否,插頭式,4,25.0258792,121.462417
板橋區,海山國小,新北市板橋區漢生東路280號,國中小學,良好,否,不收費,無,否,插頭式,2,25.0094961,121.4708924
新莊區,福營國中,新北市新莊區富國路105號,國中小學,良好,否,不收費,無,否,插頭式,2,25.0253173,121.4226922
三重區,新北市立碧華國民中學,新北市三重區自強路五段66號,國中小學,良好,否,不收費,無,否,插頭式,4,25.082294,121.4950796
淡水區,捷運紅樹林站,新北市淡水區中正東路2段68號,捷運站,良好,否,不收費,無,是,插頭式,12,25.1547244,121.4589193
淡水區,捷運淡水站,新北市淡水區中正路1號,捷運站,良好,否,不收費,無,是,插頭式,12,25.1748783,121.4327391
五股區,新北市五股區成州國民小學,新北市五股區成泰路三段493號,國中小學,良好,否,不收費,無,是,插頭式,6,25.0997414,121.4506619
新莊區,機場捷運A3新北產業園區站,新北市新莊區五工路37號,捷運站,良好,否,不收費,無,是,插頭式,4,25.0617119,121.4588938
新莊區,機場捷運A4新莊副都心站,新北市新莊區新北大道四段188號,捷運站,良好,否,不收費,無,是,插頭式,4,25.0593624,121.4461393
泰山區,機場捷運A5泰山站,新北市泰山區新北大道四段431號,捷運站,良好,否,不收費,無,是,插頭式,4,25.0530918,121.4396809
泰山區,機場捷運A6泰山貴和站,新北市泰山區新北大道六段460號,捷運站,良好,否,不收費,無,是,插頭式,4,25.0331762,121.4226272
板橋區,太子學院區,新北市板橋區龍泉街130號1樓,社區大樓,良好,是,10元/次,一次10元,否,充電箱,2座3充,25.0240326,121.4570834
三峽區,大漢宮廷,新北市三峽區民生街19巷7弄47號,社區大樓,良好,否,不收費,無,否,插頭式,3,24.9353518,121.3777628
中和區,中和第一新城,新北市中和區圓通路240巷3弄1號,社區大樓,良好,否,不收費,無,否,插頭式,12,24.992346,121.494454
汐止區,康詩丹郡,新北市汐止區林森街73巷29號,社區大樓,良好,否,不收費,無,否,插頭式,16,25.0412415,121.6236787
淡水區,孟子社區,新北市淡水區北新路121號,社區大樓,良好,否,不收費,無,否,插頭式,4,25.1788338,121.448968
淡水區,淡江柏園二期AB區,新北市淡水區鄧公路29巷2號,社區大樓,良好,否,不收費,無,否,插頭式,24,25.1703638,121.4516997
新莊區,碧瑤皇家,新莊區民安西路173巷31號,社區大樓,良好,否,不收費,無,否,插頭式,2,25.0159789,121.4273486
蘆洲區,富貴榮邑,新北市蘆洲區民義街22巷5號,社區大樓,良好,否,不收費,無,否,充電座,8,25.0884449,121.4716209
新店區,信義金蘭社區,新北市新店區國校路6-1號,社區大樓,良好,否,不收費,無,否,插頭式,2,24.9562673,121.5377363
新莊區,中榮大樓,新北市新莊區中榮街49巷9號地下室,社區大樓,良好,否,不收費,無,否,插頭式,2,25.0526909,121.4494034
三重區,三輝首馥社區,新北市三重區重新路四段16~32號,社區大樓,良好,是,10元/次,,否,無,1,25.0575556,121.4886323
三峽區,上北大社區,新北市三峽區大觀路132~192號,社區大樓,良好,是,10元/次,,否,無,1,24.9475437,121.3732516
三峽區,大英博物館,新北市三峽區學成路93號,社區大樓,良好,是,10元/次,,否,無,1,24.9412319,121.3729763
中和區,大順名門社區,新北市中和區德光路125-151號,社區大樓,良好,是,10元/次,無,否,無,1,25.003019,121.467986
林口區,巴黎香榭,新北市林口區文化三路,社區大樓,良好,是,10元/次,,否,無,1,25.0731404,121.3659634
三峽區,四季會館,新北市三峽區大德路85號,社區大樓,良好,是,10元/次,,否,無,1,24.9432314,121.377011
板橋區,正隆廣場,新北市板橋市民生路一段5號,社區大樓,良好,是,10元/次,,否,無,1,25.0116737,121.4767922
蘆洲區,民權巨星,新北市蘆州區民權路134巷1號,社區大樓,良好,是,10元/次,,否,無,1,25.0891529,121.4732232
林口區,永翊花園,新北市林口區文化二路一段260巷,社區大樓,良好,是,10元/次,,否,無,1,25.0728967,121.371082
樹林區,名人皇邸社區,新北市樹林區保安街三段1巷,社區大樓,良好,是,10元/次,,否,無,1,25.0100261,121.4115233
三重區,合康達觀社區,新北市三重區仁義街323~345號,社區大樓,良好,是,10元/次,,否,充電箱,1,25.0845648,121.4953115
林口區,竹城松賀,新北市林口區源泉街,社區大樓,良好,是,10元/次,,否,無,1,25.0724249,121.3563855
蘆洲區,旺旺來,新北市蘆洲區九芎街90巷12號,社區大樓,良好,是,10元/次,,否,無,1,25.0803836,121.4656622
板橋區,昇陽府中棧,新北市板橋區縣民大道一段185號,社區大樓,良好,是,10元/次,計次收費,否,插頭式,1,25.0072567,121.4580411
汐止區,東方大鎮公寓大廈社區,新北市汐止區大同路一段286巷23號1樓,社區大樓,良好,是,10元/次,,否,無,1,25.0567221,121.635591
土城區,金雞報喜社區,新北市土城區學士路33巷23號,社區大樓,良好,是,10元/次,,否,插頭式,1,24.9822321,121.4537864
新莊區,帝后花園亞歷山大區社區,新北市新莊區立信三街12巷1號,社區大樓,良好,是,10元/次,,否,無,1,25.0508252,121.4441546
三峽區,皇翔峇里島南區,新北市三峽區大智路45~69(南區)號,社區大樓,良好,是,10元/次,,否,無,1,24.9365955,121.3606861
林口區,家天下社區,新北市林口區文化北路一段488-1號,社區大樓,良好,是,10元/次,,否,無,1,25.0775436,121.3662024
板橋區,家麒文化,新北市板橋區莊敬路61號,社區大樓,良好,是,10元/次,,否,無,1,25.0268087,121.4732031
板橋區,泰隆柏園社區,新北市永和區保順路51巷10號,社區大樓,良好,是,10元/次,,否,無,1,25.0101631,121.5027287
淡水區,海揚社區,新北市淡水區中正東路一段3巷14弄1號,社區大樓,良好,是,10元/次,小時收費,否,充電箱,1,25.1649511,121.451607
林口區,紐約上城社區,新北市林口區文化三路二段,社區大樓,良好,是,10元/次,,否,無,1,25.0845056,121.3776849
汐止區,高登屋社區,新北市汐止區民族三街,社區大樓,良好,是,10元/次,,否,無,1,25.0701991,121.629936
土城區,國美之星A館社區,新北市土城區延吉街383號,社區大樓,良好,是,10元/次,,否,無,1,24.9838979,121.4631394
三重區,博愛新城社區,新北市三重區頂崁街210巷12弄25號,社區大樓,良好,是,10元/次,,否,無,1,25.06709,121.476167
蘆洲區,喝采社區,新北市蘆洲區民生街65號1樓,社區大樓,良好,是,10元/次,,否,無,1,25.0787343,121.4742824
新店區,新陛潭社區,新北市新店區北宜路二段30巷,社區大樓,良好,是,10元/次,計次收費,否,插頭式,2,24.9510553,121.548139
三重區,葉隱集社區,新北市三重區三賢街101~103號,社區大樓,良好,是,10元/次,,否,無,1,25.0887645,121.4880219
林口區,遠雄大未來社區,新北市林口區文化二路一段575號,社區大樓,良好,是,10元/次,投幣,否,插頭式,1,25.0784835,121.3756477
三重區,臨江仙社區,新北市三重區集賢路15~25號,社區大樓,良好,是,10元/次,,否,無,1,25.0855688,121.4966823
板橋區,馥華大台北社區,新北市板橋區中山路二段403~411號,社區大樓,良好,是,10元/次,,否,無,1,25.0197261,121.4806086
新莊區,藝術國寶,新北市新莊區中平路287-303號,社區大樓,良好,是,10元/次,,否,無,,25.0506199,121.4446675
新莊區,歐洲之星公寓大廈,新北市新莊區中原路193號,社區大樓,良好,是,10元/次,投幣式,否,充電箱,2,25.0542109,121.4515887
三重區,陸江社區,新北市三重區集賢路118號,社區大樓,良好,是,10元/次,投幣式,否,充電箱,4,25.0896326,121.4910987
三峽區,北大MBA社區,新北市三峽區國際一街92號,社區大樓,良好,是,5元/小時,投幣式,否,充電箱,2,24.941582,121.37101
八里區,地中海大廈社區,新北市八里區龍米路一段442-468號,社區大樓,良好,是,10元/次,投幣式,否,充電箱,5,25.134218,121.450913
中和區,富貴麗景社區,新北市中和區中正路167巷20~48號,社區大樓,良好,是,10元/次,投幣式,否,充電箱,2,24.9925089,121.498362
板橋區,擎天大廈社區,新北市板橋區重慶路247號,社區大樓,良好,是,10元/次,投幣式,否,充電箱,1,25.0004506,121.4636023
樹林區,麗寶國際館社區,新北市樹林區學成路541號,社區大樓,良好,是,10元/次,投幣式,否,充電箱,2,24.9459204,121.3803773
永和區,台北菠爾社區,新北市永和區環河西路2段187-201號,社區大樓,良好,否,不收費,無,否,充電箱,1,25.0110238,121.5023755
永和區,芬第夏宮社區,新北市永和區永利路72巷2號,社區大樓,良好,是,10元/次,投幣式,否,充電箱,3,25.0042301,121.5203169
板橋區,麗池花園廣場社區,新北市板橋區篤行路一段10-1號,社區大樓,良好,是,10元/次,投幣式,否,充電箱,1,24.995569,121.431926
土城區,海山品園尊品區社區,新北市土城區中央路1段250巷7~15號,社區大樓,良好,否,不收費,無,否,插頭式,2,24.991566,121.448764
新莊區,現代巴黎社區,新北市新莊區新樹路621號,社區大樓,良好,是,10元/次,投幣式,否,充電箱,1,25.0035998,121.4336336
新莊區,金莊悅泉社區,新北市新莊區福前街500號,社區大樓,良好,否,不收費,無,否,插頭式,3,25.060148,121.4625204
三峽區,中北大社區,新北市三峽區大德路467號,社區大樓,良好,是,10元/次,投幣式,否,充電箱,2,24.9472052,121.3744784
汐止區,國家交響樂社區,新北市汐止區仁愛路151巷18號,社區大樓,良好,是,10元/次,投幣式,否,充電箱,8,25.065004,121.6637299
新莊區,世界盃雪梨特區社區,新北市新莊區新樹路611號,社區大樓,良好,是,10元/次,投幣式,否,充電箱,5,25.0039394,121.4344132
樹林區,遠雄大學哈佛社區,新北市樹林區學勤路360號,社區大樓,良好,否,不收費,無,否,插頭式,5,24.9474221,121.3802051
淡水區,天域社區公寓大廈,新北市淡水區新春里新民街300號,社區大樓,良好,是,,,否,無,1,25.1824638,121.4350868
新店區,達觀鎮A1社區,新北市新店區達觀路8巷2號,社區大樓,良好,是,10元/次,投幣式,否,充電箱,1,24.9432565,121.5047481
新莊區,仙境傳說社區,新北市新莊區青山路一段56號,社區大樓,良好,是,,,否,無,3,25.0280228,121.408413
林口區,遠雄未來城一期社區,新北市林口區文化三路1段378號,社區大樓,良好,是,20元/次,投幣式,否,充電座,4,25.0723196,121.3655764
三重區,羅浮花園皇家特區公寓大廈,新北市三重區碧華里14鄰五華街218號,社區大樓,良好,是,,,否,無,1,25.0869706,121.4878973
新莊區,鄉林淳風公寓大廈,新北市新莊區福基里1鄰福美街128巷12號,社區大樓,良好,是,,,否,充電箱,5,25.0579391,121.4612094
汐止區,東湖麗都社區,新北市汐止區 北山里 康寧街141巷46~60~1號,社區大樓,良好,是,,,否,無,1,25.068154,121.620685
土城區,永福社區公寓大廈,新北市土城區廣福里學府路一段99巷27號4樓,社區大樓,良好,是,,,否,無,6,24.9868169,121.4570451
淡水區,淡水情歌公寓大廈,新北市淡水區淡金路二段81號,社區大樓,良好,,,,否,無,,25.1822187,121.4506509
淡水區,淡水新橫濱社區,新北市淡水區新市一路3段10~40號,社區大樓,良好,,,,否,無,,25.1827717,121.4451533
汐止區,登峰天廈BC區公寓大廈,新北市汐止區大同路二段184巷2-16號,社區大樓,良好,是,,,否,無,2,25.0637333,121.6533091
林口區,遠雄U未來社區,新北市林口區文化三路二段16號2樓,社區大樓,良好,是,,,否,無,6,25.0780271,121.3739072
中和區,新歐洲社區,新北市中和區中興街216號1樓,社區大樓,良好,是,10元,投幣式,僅供社區,插頭式,2座2充,24.9901053,121.5002184
永和區,漢皇極品喬治五世公寓大廈,新北市永和區中正路465巷21-25號,社區大樓,良好,是,,,否,無,5,25.0057298,121.5161483
淡水區,世界之窗社區,新北市淡水區新春街1號,社區大樓,良好,否,不收費,,否,插頭式,1座1充,25.181336,121.435947
泰山區,台北京城,新北市泰山區仁義路139號1樓,社區大樓,良好,否,不收費,無,否,無,,25.0548634,121.4326059
新莊區,捷運好境社區,新北市新莊區中正路893巷108號,社區大樓,良好,是,10元/次,投幣式,否,充電座,1座1充,25.0204275,121.4147466
泰山區,稙村秀社區,新北市泰山區明志路2段136巷26號,社區大樓,良好,是,10元/次,投幣式,否,充電座,3,25.0519196,121.4262875
樹林區,心六藝社區,新北市樹林區南園里學成路712-798號,社區大樓,良好,是,小時計費,投幣式,否,充電座,5,24.9461787,121.3830112
新店區,臺灣通用器材公司,新北市新店區寶橋路233號,公司行號,良好,否,不收費,無,否,充電座,3,24.9802678,121.5498563
新莊區,優境環境科技,新北市新莊區五工三路70巷13號,公司行號,良好,否,不收費,無,否,插頭式,4,25.065327,121.45958
三重區,信鋒輪業有限公司,新北市三重區三民街136號,機車經銷商,良好,否,不收費,無,是,插頭式,4,25.065049,121.4828049
新莊區,向銓環保電動車,新北市新莊區中正路727號,機車經銷商,良好,否,不收費,,是,充電座,2個,25.028781,121.4228279
三重區,尚益機車行,新北市三重區三和路三段24號,機車經銷商,良好,是,50元/次,人工計費,是,插頭式,6,25.0703388,121.496628
三峽區,信寬有限公司,新北市三峽區復興路293號,機車經銷商,良好,是,充電度數計,其他,是,充電座,3,24.9387925,121.3659011
中和區,一俐機車有限公司,新北市中和區景平路670號,機車經銷商,良好,否,不收費,無,是,插頭式,10,25.0011001,121.4971513
林口區,吉全機車行,新北市林口區林口路285號,機車經銷商,良好,否,不收費,無,是,插頭式,4,25.0846683,121.3859438
板橋區,富搌企業有公司,新北市板橋區漢生東路340巷1號,機車經銷商,良好,否,不收費,無,是,插頭式,6,25.0073873,121.4717652
八里區,頂立車業行,新北市八里區龍米路二段192號,機車經銷商,良好,否,不收費,無,是,充電座,2,25.1585234,121.4338659
土城區,全達機車行,新北市土城區忠義路53-1號,機車經銷商,良好,是,20元/次,人工計費,是,插頭式,6,24.9689042,121.4406519
永和區,昇鴻車業有限公司,新北市永和區秀朗路2段167號,機車經銷商,良好,否,不收費,無,是,插頭式,4,25.001672,121.52534
林口區,成龍車業行,新北市林口區粉寮路一段43號,機車經銷商,良好,否,不收費,無,是,插頭式,4,25.077498,121.3965103
板橋區,大忠車業行,新北市板橋區中正路250巷13號1F,機車經銷商,良好,否,不收費,無,是,插頭式,2,25.0194845,121.4561297
新莊區,寶祥機車行,新北市新莊區中港路394號,機車經銷商,良好,是,小時計費,人工計費,是,插頭式,2,25.0495804,121.452404
鶯歌區,同億機車行,新北市鶯歌區鶯桃路122號,機車經銷商,良好,是,10元/次,無,是,充電座,2,24.954615,121.3384249
新店區,全富車業有限公司,新店區北新路一段169號,機車經銷商,良好,否,不收費,無,是,充電座,4,24.9641135,121.5399227
樹林區,緯鴻機車有限公司,新北市樹林區保安二街102號,機車經銷商,良好,否,不收費,無,是,插頭式,4,24.9957413,121.4227806
三重區,宏大機車行,新北市三重區仁愛街640號,機車經銷商,良好,否,不收費,無,是,插頭式,6,25.0806217,121.4830238
土城區,力溢機車有限公司,新北市土城區中央路一段302號,機車經銷商,良好,否,不收費,無,是,插頭式,4,24.9820804,121.4431851
土城區,翰昌車料行,新北市土城區青雲路309號,機車經銷商,良好,否,不收費,無,是,插頭式,4,24.9791244,121.4591209
中和區,有盛機車有限公司,新北市中和區安樂路29號,機車經銷商,良好,否,不收費,無,是,插頭式,6,24.992447,121.511617
中和區,展宏車業行,新北市中和區德光路16號,機車經銷商,良好,否,不收費,無,是,插頭式,4,25.0045486,121.4711291
永和區,大鑫機車業有限公司,新北市永和區中正路40號,機車經銷商,良好,否,不收費,無,是,插頭式,4,24.9942595,121.5130574
永和區,富元機車有限公司,新北市永和區得和路30號,機車經銷商,良好,否,不收費,無,是,充電座,4,25.0000116,121.5159683
汐止區,周石田車業有限公司,新北市汐止區大同硌二段294號,機車經銷商,良好,否,不收費,無,是,充電座,4,25.0664975,121.6553467
林口區,鴻輪車業行,新北市林口區中正路329號,機車經銷商,良好,是,10元/次,人工計費,是,插頭式,4,25.0776332,121.3883901
林口區,順展機車行,新北市林口區中正路491號,機車經銷商,良好,否,不收費,無,是,插頭式,6,25.0775579,121.3835289
林口區,國城車行,新北市林口區文化二路一段36號,機車經銷商,良好,是,10元/次,人工計費,是,插頭式,4,25.0676041,121.3650057
林口區,林口車業(自強店),新北市林口區自強三街3號,機車經銷商,良好,是,30元/次,人工收費,是,插頭式,4,25.0780844,121.3974079
林口區,隆興機車行,新北市林口區林口路265號,機車經銷商,良好,否,不收費,無,是,插頭式,4,25.0843351,121.3863042
板橋區,永川車業有限公司,新北市板橋區四川路二段245巷12號,機車經銷商,良好,否,不收費,無,是,充電座,2,24.9930861,121.4508837
板橋區,大良機車材料行,新北市板橋區民權路220號,機車經銷商,良好,否,不收費,無,是,充電座,2,25.0142628,121.458859
板橋區,蘭帝機車有限公司,新北市板橋區實踐路82號,機車經銷商,良好,否,不收費,無,是,充電座,2,25.005243,121.463892
三重區,銘通機車有限公司,新北市三重區重陽路1段104巷5號,機車經銷商,良好,否,不收費,無,是,插頭式,4,25.060918,121.487033
三峽區,長銘車業有限公司,新北市三峽區介壽路1段230號,機車經銷商,良好,否,不收費,無,是,充電座,2,24.9333461,121.3752693
中和區,豪元車業有限公司,新北市中和區連城路135號,機車經銷商,良好,否,不收費,無,是,插頭式,6,24.9989212,121.4960211
中和區,瑞和車業行,新北市中和區景新街230-1號,機車經銷商,良好,是,20元/次,人工計費,是,插頭式,6,24.9941823,121.5084753
板橋區,榮輪車業有限公司,新北市板橋區中正路307號,機車經銷商,良好,否,不收費,無,是,充電座,2,25.0197026,121.455095
板橋區,榮德車業有限公司,新北市板橋區四川路二段245巷67號,機車經銷商,良好,否,不收費,無,是,充電座,5,24.9921249,121.452626
板橋區,協泰車業有限公司,新北市板橋區民族路93號1樓,機車經銷商,良好,否,不收費,無,是,充電座,2,25.0086049,121.4665693
板橋區,安全車業有限公司,新北市板橋區長江路3段117號,機車經銷商,良好,否,不收費,無,是,充電座,2,25.0345969,121.4751871
板橋區,樺山車業有限公司,新北市板橋區長江路一段51號,機車經銷商,良好,否,不收費,無,是,充電座,2,25.0293302,121.4585755
板橋區,華豐機車行,新北市板橋區莊敬路214號,機車經銷商,良好,否,不收費,無,是,充電座,2,25.0212524,121.4722526
板橋區,來興車業有限公司,新北市板橋區新海路398號,機車經銷商,良好,否,不收費,無,是,充電座,2,25.0266742,121.4588441
新莊區,鎰昇車業有限公司,新北市新莊區中誠街1號,機車經銷商,良好,否,不收費,無,是,充電座,0,25.0480318,121.4523135
新莊區,暐達車業有限公司,新北市新莊區新泰路218號,機車經銷商,良好,否,不收費,無,是,充電座,2,25.0390386,121.4468895
新莊區,順豐車業行,新北市新莊區新泰路336號,機車經銷商,良好,否,不收費,無,是,充電座,2,25.0421466,121.4449451
蘆洲區,順華車行有限公司,新北市蘆洲區中山一路276號,機車經銷商,良好,否,不收費,無,是,充電座,3,25.0793033,121.4714485
蘆洲區,勝男車業有限公司,新北市蘆洲區復興路284號,機車經銷商,良好,否,不收費,無,是,充電座,2,25.0898362,121.4807541
新莊區,東明車業有限公司,新北市新莊區中正路145-15號,機車經銷商,良好,否,不收費,無,是,充電座,3,25.0376001,121.4588296
新莊區,永利機車行,新北市新莊區自信街66號,機車經銷商,良好,否,不收費,無,是,充電座,2,25.0480925,121.4555094
新莊區,連陽車業有限公司,新北市新莊區昌平街67號,機車經銷商,良好,否,不收費,無,是,充電座,2,25.0535349,121.45449
新莊區,長興機車行,新北市新莊區思源路287巷1弄66號,機車經銷商,良好,否,不收費,無,是,充電座,3,25.0476195,121.4591981
新莊區,萬能機車行,新北市新莊區復興路二段99號,機車經銷商,良好,否,不收費,無,是,充電座,2,25.0444197,121.4559622
樹林區,英松機車行,新北市樹林區保安街一段120號,機車經銷商,良好,否,不收費,無,是,插頭式,5,24.995095,121.4234046
蘆洲區,謝氏機車行,新北市蘆洲區中山一路265號,機車經銷商,良好,否,不收費,無,是,充電座,2,25.0800177,121.4726852
蘆洲區,裕山機車有限公司,新北市蘆洲區中原路75號,機車經銷商,良好,否,不收費,無,是,充電座,2,25.0816086,121.4584294
鶯歌區,弘祥機車有限公司,新北市鶯歌區中正一路20號,機車經銷商,良好,否,不收費,無,是,充電座,2,24.9531561,121.3525969
中和區,福豪車業行,新北市中和區安平路110號,機車經銷商,良好,否,不收費,無,是,插頭式,6,24.9974333,121.5117635
板橋區,旺昇機車行,新北市板橋區國光路180號1樓,機車經銷商,良好,否,不收費,無,是,充電座,3,25.0182479,121.4607778
板橋區,祥達車業有限公司,新北市板橋區大智街22號,機車經銷商,良好,是,50元/次,人工計費,是,插頭式,3,25.0150274,121.4556833
三重區,泓發車行有限公司,新北市三重區三和路三段160號一樓,機車經銷商,良好,否,不收費,無,是,充電座,4,25.0729376,121.4928743
三重區,新泰機車行,新北市三重區下竹圍街24號,機車經銷商,良好,否,不收費,無,是,插頭式,2,25.075523,121.480806
三重區,新輪車業行,新北市三重區中華路54號,機車經銷商,良好,否,不收費,無,是,充電座,4,25.0619381,121.4833869
三重區,昇達車業有限公司,新北市三重區中興北街42巷8號,機車經銷商,良好,否,不收費,無,是,充電座,4,25.0491927,121.4693689
三重區,鴻福機車行,新北市三重區永福街237號,機車經銷商,良好,否,不收費,無,是,插頭式,2,25.0743049,121.4806243
三重區,昆輝機車行,新北市三重區自強路二段76號,機車經銷商,良好,否,不收費,無,是,插頭式,4,25.0702313,121.4880697
三重區,展立機車行,新北市三重區後竹圍街243號,機車經銷商,良好,否,不收費,無,是,充電座,4,25.0714446,121.4839677
三重區,昱安車業行,新北市三重區頂崁街199號,機車經銷商,良好,否,不收費,無,是,插頭式,4,25.066753,121.4775957
三重區,大新上允車業有限公司,新北市三重區福德北路15-1號一樓,機車經銷商,良好,否,不收費,無,是,充電座,4,25.0644114,121.5025694
三重區,上允車業有限公司,新北市三重區福德北路47號,機車經銷商,良好,否,不收費,無,是,插頭式,2,25.0651292,121.5022745
三重區,勝達(永達)機車行,新北市三重區龍門路88號,機車經銷商,良好,是,10元/次,人工計費,是,無,1,25.0728357,121.4972637
三峽區,毅達機車有限公司,新北市三峽區中正路一段101號,機車經銷商,良好,否,不收費,無,是,充電座,2,24.9293211,121.374376
三峽區,廣進車業有限公司,新北市三峽區介壽路一段165號,機車經銷商,良好,否,不收費,無,是,充電座,2,24.9313011,121.3769649
三峽區,新進車業有限公司,新北市三峽區國光路322號,機車經銷商,良好,否,不收費,無,是,充電座,2,25.0184768,121.4629083
三峽區,睿騏車業有限公司,新北市三峽區復興路34號,機車經銷商,良好,否,不收費,無,是,充電座,2,24.9364311,121.3742755
土城區,昌隆機車行,新北市土城區中央路1段253號,機車經銷商,良好,否,不收費,無,是,插頭式,2,24.991566,121.448764
土城區,世煇車業有限公司,新北市土城區中央路一段357號,機車經銷商,良好,否,不收費,無,是,充電座,4,24.9811325,121.4432335
土城區,鋐鉅車業有限公司,新北市土城區中央路三段229號,機車經銷商,良好,否,不收費,無,是,充電座,4,24.9643535,121.4293761
中和區,東茂車業有限公司,新北市中和區中山路2段475號1F,機車經銷商,良好,否,不收費,無,是,插頭式,2,25.0048238,121.483262
中和區,鴻緯車業有限公司,新北市中和區中山路二段467號,機車經銷商,良好,否,不收費,無,是,充電座,4,25.0048128,121.4834914
中和區,申鼎車業有限公司,新北市中和區中正路194號,機車經銷商,良好,否,不收費,無,是,充電座,4,24.9939862,121.4974892
中和區,進鑫車業有限公司,新北市中和區中興街156號,機車經銷商,良好,否,不收費,無,是,充電座,4,24.991871,121.4997861
中和區,久川車業有限公司,新北市中和區安樂路68號,機車經銷商,良好,否,不收費,無,是,充電座,4,24.9933741,121.5122484
中和區,佳順機車行,新北市中和區南山路543號,機車經銷商,良好,否,不收費,無,是,插頭式,2,24.9868415,121.5081676
中和區,銓富機車有限公司,新北市中和區連城路337-1號,機車經銷商,良好,否,不收費,無,是,充電座,4,24.9960664,121.4884303
中和區,佑泰車業有限公司,新北市中和區景新街467巷1號一樓,機車經銷商,良好,否,不收費,無,是,充電座,4,24.988237,121.5135481
中和區,冠盈車業,新北市中和區景新街491號,機車經銷商,未測試,否,不收費,無,是,無,1,24.9872993,121.5139342
五股區,德陽車業行,新北市五股區成泰路一段71號,機車經銷商,良好,否,不收費,無,是,插頭式,4,25.067873,121.434585
永和區,永鑫車業有限公司,新北市永和區中山路一段82-1號一樓,機車經銷商,良好,否,不收費,無,是,充電座,4,25.0110318,121.5119214
永和區,廣固機車行,新北市永和區中正路522號,機車經銷商,良好,否,不收費,無,是,插頭式,4,25.004986,121.5173686
永和區,宏億機車行,新北市永和區文化路165號,機車經銷商,良好,否,不收費,無,是,無,1,25.0164398,121.5102126
永和區,大中車業公司,新北市永和區民族街67巷6號,機車經銷商,良好,否,不收費,無,是,無,1,24.9970955,121.5188445
永和區,弘安車業有限公司,新北市永和區永貞路344號,機車經銷商,良好,否,不收費,無,是,充電座,4,25.0058104,121.510968
永和區,聯盟車業行,新北市永和區秀朗路一段42號,機車經銷商,良好,否,不收費,無,是,無,1,25.0064472,121.5146539
永和區,立晟車業有限公司,新北市永和區保平路213號一樓,機車經銷商,良好,否,不收費,無,是,無,1,25.0047061,121.5086391
永和區,翔龍機車行,新北市永和區國中路102號,機車經銷商,無測試,是,10元,無,是,無,1,25.0065718,121.5241052
汐止區,石田機車行,新北市汐止區大同路二段290號,機車經銷商,良好,否,不收費,無,是,無,1,25.0663185,121.6550966
汐止區,勝川機車行,新北市汐止區大同路二段683號1樓,機車經銷商,良好,否,不收費,無,是,充電座,4,25.0722965,121.6648879
汐止區,清波車業有限公司,新北市汐止區忠孝東路273號1樓,機車經銷商,良好,否,不收費,無,是,充電座,4,25.068327,121.6636723
汐止區,永湛車業有限公司,新北市汐止區福德一路278號1樓,機車經銷商,良好,否,不收費,無,是,插頭式,6,25.0638196,121.6320249
林口區,正陽車業有限公司,新北市林口區中正路173號,機車經銷商,良好,否,不收費,無,是,插頭式,4,25.0772086,121.3924641
板橋區,忠山機車行,新北市板橋區文化路1段205號,機車經銷商,良好,否,不收費,無,是,插頭式,4,25.0187829,121.4652441
板橋區,繼郎機車有限公司,新北市板橋區四川路一段381號,機車經銷商,良好,否,不收費,無,是,插頭式,2,24.9993757,121.4582551
板橋區,昇龍國際車業有限公司,新北市板橋區民生路三段179號,機車經銷商,良好,否,不收費,無,是,插頭式,1,25.0272065,121.4653726
板橋區,永督機車行,新北市板橋區民族路178號,機車經銷商,良好,否,不收費,無,是,插頭式,1,25.0076531,121.4677167
板橋區,銘汰車業行,新北市板橋區光武路26號1F,機車經銷商,良好,否,不收費,無,是,充電座,1,25.0073935,121.4604628
板橋區,益昌機車行,新北市板橋區西門街24號,機車經銷商,良好,否,不收費,無,是,插頭式,1,25.0104803,121.4538485
板橋區,上野車業有限公司,新北市板橋區忠孝路83號,機車經銷商,良好,否,不收費,無,是,充電座,2,25.002345,121.4620212
板橋區,明興機車行,新北市板橋區長江路1段359號,機車經銷商,良好,否,不收費,無,是,充電座,2,25.0286899,121.4575914
板橋區,晉新輪業有限公司,新北市板橋區長江路二段197號,機車經銷商,良好,否,不收費,無,是,充電座,2,25.0323556,121.4673304
板橋區,僑王車業有限公司,新北市板橋區華興街42號1F,機車經銷商,良好,否,不收費,無,是,充電座,1,25.0047756,121.4584116
板橋區,永定機車行,新北市板橋區溪昆二街8號,機車經銷商,良好,否,不收費,無,是,充電座,2,24.9919943,121.4289499
板橋區,通天車業有限公司,新北市板橋區實踐路171號,機車經銷商,良好,否,不收費,無,是,充電座,2,25.0037696,121.4645732
板橋區,萬光機車行,新北市板橋區漢生西路60號,機車經銷商,良好,否,不收費,無,是,插頭式,1,25.0189059,121.463173
板橋區,連盛車業,新北市板橋區雙十路二段67號,機車經銷商,良好,否,不收費,無,是,充電座,2,25.0266426,121.4762565
泰山區,榮泰機車行,新北市泰山區明志路二段333號,機車經銷商,良好,否,不收費,無,是,充電座,1,25.0448168,121.4257273
泰山區,大運車輛企業有限公司,新北市泰山區泰林路二段178號,機車經銷商,良好,否,不收費,無,是,充電座,2,25.0607929,121.4337789
貢寮區,利祥機車行,新北市貢寮區仁和路244號,機車經銷商,良好,否,不收費,無,是,插頭式,2,25.0538457,121.9240732
淡水區,永群車業有限公司,新北市淡水區中山北路1段247巷68號,機車經銷商,良好,否,不收費,無,是,充電座,4,25.1772423,121.4434614
淡水區,加益車業有限公司,新北市淡水區中山北路一段307號1樓,機車經銷商,良好,否,不收費,無,是,充電座,4,25.1815207,121.4442998
淡水區,樺龍車業有限公司,新北市淡水區中正東路43號1樓,機車經銷商,良好,否,不收費,無,是,充電座,4,25.1682295,121.4464424
淡水區,德欣機車行,新北市淡水區北新路74號,機車經銷商,良好,否,不收費,無,是,插頭式,6,25.1781774,121.446466
淡水區,盛偉機車行,新北市淡水區民權路183之2號,機車經銷商,良好,是,10元/次,投幣,是,無,1,25.1343952,121.459666
深坑區,鼎祐車業行,新北市深坑區北深路二段84號,機車經銷商,良好,否,不收費,無,是,充電座,2,25.003627,121.6175246
三重區,上暉車業有限公司,新北市三重區三和路三段40號,機車經銷商,良好,否,不收費,無,是,插頭式,2,25.0707169,121.4960837
板橋區,北門車業有限公司,新北市板橋區西門街12號,機車經銷商,良好,否,不收費,無,是,充電座,2,25.0115858,121.4555652
板橋區,錕達車業有限公司,新北市板橋區重慶路349號,機車經銷商,良好,否,不收費,無,是,充電座,2,24.997949,121.4642067
新店區,香港車業有限公司,新北市新店區北新路一段29號,機車經銷商,良好,否,不收費,無,是,充電座,2,24.9591321,121.5377163
新店區,群英輪業有限公司,新北市新店區建國路135號,機車經銷商,良好,否,不收費,無,是,充電座,2,24.9783807,121.5391678
蘆洲區,金大機車有限公司,新北市蘆洲區中山一路63號,機車經銷商,良好,否,不收費,無,是,充電座,5,25.0810106,121.4783862
新店區,進揚車業有限公司,新店區北新路一段287號一樓,機車經銷商,良好,否,不收費,無,是,充電座,2,24.9671169,121.541003
新店區,裕正機車行,新店區民族路182號,機車經銷商,良好,否,不收費,無,是,充電座,1,24.9763349,121.536919
新店區,裕成機車行,新店區民族路245號,機車經銷商,良好,否,不收費,無,是,充電座,1,24.9753899,121.5364409
新店區,新祥輪業有限公司,新店區光明街117號,機車經銷商,良好,否,不收費,無,是,充電座,1,24.961529,121.539175
新店區,霸輪機車行,新店區安和路三段169號,機車經銷商,良好,否,不收費,無,是,充電座,1,24.9859897,121.5159506
新店區,昇宏車業有限公司,新店區安康路3段28號1F,機車經銷商,良好,否,不收費,無,是,充電座,1,24.953285,121.4930702
新店區,真亨車業有限公司,新店區順安街21號1樓,機車經銷商,良好,否,不收費,無,是,充電座,2,24.9856178,121.5408472
新莊區,榮鋒科技企業有限公司,新北市新莊區新北大道二段360 號,機車經銷商,良好,否,不收費,無,是,充電座,1,25.0609913,121.4625143
新莊區,昇億機車行,新北市新莊區中平路82巷32號,機車經銷商,良好,否,不收費,無,是,充電座,2,25.0446678,121.4461625
新莊區,五洲機車有限公司,新北市新莊區中正路346號,機車經銷商,良好,否,不收費,無,是,充電座,2,25.03455,121.444169
新莊區,SYM新北市服務中心,新北市新莊區中正路57號,機車經銷商,良好,否,不收費,無,是,充電座,3,24.9997161,121.4267417
新莊區,巨陽車業行,新北市新莊區中和街90號1F,機車經銷商,良好,否,不收費,無,是,充電座,2,25.0466903,121.4477245
新莊區,桄昇車業有限公司,新北市新莊區思源路165號一樓,機車經銷商,良好,否,不收費,無,是,充電座,2,25.0448834,121.4596448
新莊區,昇旺國際車業有限公司,新北市新莊區復興路二段18號一樓,機車經銷商,良好,否,不收費,無,是,充電座,2,25.0438931,121.4541708
樹林區,勝龍車業行,新北市樹林區大成路1、3號,機車經銷商,良好,否,不收費,無,是,充電座,4,24.9447845,121.3824718
樹林區,樹福車業有限公司,新北市樹林區中山路一段54號,機車經銷商,良好,否,不收費,無,是,充電座,4,24.9921116,121.4236535
樹林區,泰利車業行,新北市樹林區太元街36號,機車經銷商,良好,否,不收費,無,是,插頭式,2,24.9800388,121.4181099
樹林區,裕晟機車有限公司,新北市樹林區太元街64號,機車經銷商,良好,否,不收費,無,是,充電座,4,24.9792933,121.4185646
樹林區,昇豐車業行,新北市樹林區太平路150巷7號,機車經銷商,良好,否,不收費,無,是,無,1,24.9776314,121.4182292
樹林區,駿億車業有限公司,新北市樹林區保安二街43號,機車經銷商,良好,否,不收費,無,是,充電座,4,24.9941186,121.4247257
樹林區,譽盛機車有限公司,新北市樹林區鎮前街271-3號,機車經銷商,良好,否,不收費,無,是,充電座,4,24.9857709,121.4197882
蘆洲區,萬達車業行,新北市蘆洲區中華街74號,機車經銷商,良好,否,不收費,無,是,充電座,2,25.0797536,121.4612402
鶯歌區,景陽車業有限公司,新北市鶯歌區中正三路341號,機車經銷商,良好,否,不收費,無,是,充電座,2,24.9351085,121.328039
鶯歌區,陽全車業有限公司,新北市鶯歌區文化路385號,機車經銷商,良好,否,不收費,無,是,充電座,2,24.9506262,121.3524663
汐止區,郭賜美車業,新北市汐止區大同路二段669號,機車經銷商,良好,否,不收費,無,是,充電座,4,25.071995,121.6648484
新莊區,必榮機車材料行,新北市新莊區民安西路365號,機車經銷商,良好,是,10元/次,,是,無,1,25.010475,121.4287
淡水區,永群車業有限公司,新北市淡水區中山北路一段245號,機車經銷商,良好,是,10元/次,,是,充電座,1,25.1801379,121.4444733
林口區,林口車業有限公司,新北市林口區林口路52號,機車經銷商,良好,是,10元/次,,是,充電座,2,25.0790603,121.3905015
泰山區,威騎車業有限公司,新北市泰山區泰林路二段593號,機車經銷商,良好,否,不收費,,否,無,1,25.0634128,121.4217375
新店區,祥義車業有限公司,新北市新店區碧安街7巷9號,機車經銷商,良好,是,10元/次,,是,無,2,24.9679659,121.5167337
瑞芳區,瑞輪車業有限公司,新北市瑞芳區明燈路三段74號,機車經銷商,良好,是,10元/次,,是,充電座,2,25.1081613,121.8064253
新莊區,裕大車業有限公司,新北市新莊區新泰路339號,機車經銷商,良好,是,10元/次,,是,充電座,2,25.0419436,121.444698
中和區,豪呈機車有限公司,新北市中和區成功路109號一樓,機車經銷商,良好,是,10元/次,,是,充電座,2,24.9912367,121.5259674
萬里區,台順車業有限公司,新北市萬里區瑪鋉路290號,機車經銷商,良好,是,10元/次,人工計費,是,插頭式,2,25.1814038,121.6885815
永和區,永欣車業有限公司,新北市永和區中山路一段82-86號,機車經銷商,良好,否,不收費,無,是,充電箱,1,25.0109886,121.5120759
淡水區,立冠車業有限公司,新北市淡水區中山路137-1號,機車經銷商,良好,是,10元/次,人工計費,是,插頭式,2,25.1714611,121.4408363
新店區,全新車業有限公司,新北市新店區安康路二段3-3號,機車經銷商,良好,是,10元/次,人工計費,是,插頭式,2,24.9635331,121.5155179
新店區,吉興車業行,新北市新店區北新路一段331號,機車經銷商,良好,是,10元/次,人工計費,是,插頭式,2,24.9686303,121.541572
板橋區,有利車業有限公司,新北市板橋區互助街94號,機車經銷商,良好,是,10元/次,人工計費,是,插頭式,2,25.0262557,121.4601467
汐止區,宏升機車有限公司,新北市汐止區大同路二段503號,機車經銷商,良好,是,10元/次,人工計費,是,插頭式,2,25.0687621,121.6609803
三重區,和昌輪業有限公司,新北市三重區車路頭街33號,機車經銷商,良好,是,50元/次,人工收費,是,充電箱,4,25.0708295,121.4838645
永和區,和欣機車有限公司,新北市永和區中正路653號,機車經銷商,良好,是,10元/次,無,是,插頭式,2,25.0100853,121.5150734
土城區,東泰發車業有限公司,新北市土城區清水路240號,機車經銷商,良好,是,30元/次,人工收費,是,充電箱,4,24.982608,121.4612378
三重區,金和機車有限公司,新北市三重區過圳街86號,機車經銷商,良好,是,10元/次,人工計費,是,插頭式,2,25.0618541,121.4864959
瑞芳區,金泰發車業有限公司,新北市瑞芳區中山路174號,機車經銷商,良好,是,10元/次,人工計費,是,插頭式,2,25.1067641,121.8018427
三重區,冠億輪業有限公司,新北市三重區民生街84.86號,機車經銷商,良好,是,10元/次,人工計費,是,插頭式,2,25.0655313,121.4906728
土城區,昱盛車業有限公司,新北市土城區明德路二段127號,機車經銷商,良好,是,10元/次,人工計費,是,插頭式,2,24.9822023,121.4498252
樹林區,偉鼎車業有限公司,新北市樹林區中正路662號,機車經銷商,良好,是,10元/次,人工計費,是,插頭式,2,25.0167781,121.4098032
土城區,祥利車業企業社,新北市土城區延平街73號,機車經銷商,良好,是,10元/次,人工計費,是,插頭式,2,24.9930318,121.4676189
汐止區,祥寶車業股份有限公司,新北市汐止區康寧街356號,機車經銷商,良好,是,10元/次,人工計費,是,插頭式,2,25.0675296,121.6282149
新莊區,順展車業有限公司,新北市新莊區昌平街7號,機車經銷商,良好,否,不收費,無,是,充電箱,4,25.0516338,121.4546934
淡水區,順億車業有限公司,新北市淡水區學府路3號,機車經銷商,良好,否,不收費,無,是,插頭式,1,25.167826,121.4472025
新店區,萬里新輪業有限公司,新北市新店區安康路1段125號,機車經銷商,良好,是,10元/次,人工計費,是,插頭式,2,24.963133,121.5140801
汐止區,儀芳車業行,新北市汐止區連興街144號,機車經銷商,良好,是,未提供,小時收費,是,插頭式,2,25.061452,121.6539639
板橋區,燦贏實業有限公司,新北市板橋區英士路17號,機車經銷商,良好,否,不收費,無,是,充電箱,4,25.0250684,121.4618986
三重區,鴻寶車業有限公司,新北市三重區重安街102號,機車經銷商,良好,是,10元/次,人工計費,是,插頭式,2,25.0559077,121.4930231
新店區,鶴山輪業有限公司,新北市新店區中興路一段186號,機車經銷商,良好,是,50元/次,小時收費,是,插頭式,8,24.9648682,121.5433916
三重區,家樂福重新店,新北市三重區重新路五段654號,賣場,良好,是,10元/次,投幣,是,充電座,1,25.0432729,121.4675175
汐止區,家樂福汐止店,新北市汐止區新台五路一段108號B1,賣場,良好,是,10元/次,投幣,是,充電箱,2,25.0607986,121.6483007
新店區,家樂福新店店,新北市新店區中興路三段1號,賣場,良好,是,10元/次,投幣,是,充電箱,2,24.9761494,121.5467199
樹林區,家樂福北大店,新北市樹林區大雅路228號B1,賣場,良好,是,10元/次,投幣,是,充電箱,2,24.9460191,121.3802934
樹林區,家樂福樹林店,新北市樹林區大安路118號,賣場,良好,是,10元/次,投幣,是,充電箱,2,24.9973154,121.4214216
中和區,家樂福中和店,新北市中和區中山路二段295號B1,賣場,良好,是,10元/次,投幣,是,充電箱,3,25.0018853,121.4960574
新店區,中興低碳立體停車場,新北市新店區中興路三段6號,公有停車場,良好,否,不收費,無,是,插頭式,9,24.9771274,121.547303
三峽區,北大體育場停車場,新北市 三峽區復興路341號對面地下停車場,公有停車場,良好,否,不收費,無,是,插頭式,8,24.9385969,121.364212
板橋區,特專三停車場,板橋區縣民大道與站前路口,公有停車場,良好,否,不收費,無,是,充電箱,10,25.0151566,121.4664451
中和區,中和民德停車場,新北市中和區民德路188號,公有停車場,良好,否,不收費,無,是,插頭式,5,24.9992259,121.4683256
板橋區,台北簡易紙廠,新北市板橋區大觀路二段28號,公有停車場,良好,否,不收費,無,是,插頭式,13,25.0027745,121.444435
烏來區,烏來立體停車場,新北市烏來區烏來街47號1樓,公有停車場,良好,否,不收費,無,是,插頭式,6,24.8656702,121.5515398
蘆洲區,鷺江國民中學地下停車場,新北市蘆洲區長興路300號,公有停車場,良好,否,不收費,無,是,插頭式,2,25.0903389,121.4607655
泰山區,楓樹腳公園地下停車場,新北市泰山區楓江路26巷20號,公有停車場,良好,否,不收費,無,是,插頭式,2,25.0621334,121.4342021
三重區,正義國小地下停車場,新北市三重區信義西街31號,公有停車場,良好,否,不收費,無,是,插頭式,4,25.0645459,121.4961138
三重區,永福國小地下停車場,三重區永福街66號,公有停車場,良好,否,不收費,無,是,無,2,25.0770435,121.4806326
中和區,中和國小停車場,新北市中和區景平路632-8號B1-B2,公有停車場,良好,否,不收費,無,是,無,4,24.9985714,121.4999099
中和區,中和秀山公園地下停車場,中和區自立路15巷12號B1及B2,公有停車場,良好,否,不收費,無,是,無,5,24.9956911,121.5235949
中和區,公有民享市場地下停車場,中和區民享街37號B1,公有停車場,良好,否,不收費,無,是,無,2,25.00354,121.474151
五股區,五股區工商路立體停車場,五股區工商路3號,公有停車場,良好,否,不收費,無,是,無,2,25.0831794,121.4391675
林口區,林口區停三停車場,林口區中山路99號,公有停車場,良好,否,不收費,無,是,無,2,25.0787529,121.3892843
淡水區,淡水文化機車立體停車場,新北市淡水區文化路57號,公有停車場,良好,否,不收費,無,是,無,23,25.1726548,121.4387431
樹林區,聯永物業股份有限公司臺北大學停一站停車場,樹林區大義路與學城路口,公有停車場,良好,否,不收費,無,是,無,2,24.9440562,121.3784753
三重區,溪美立體停車場,新北市三重區自強路4段55號,公有停車場,良好,否,不收費,無,是,無,2,25.078643,121.490633
汐止區,城中平面停車場,新北市汐止區建成路47號,公有停車場,良好,否,不收費,無,是,無,2,25.0731639,121.6627426
板橋區,華東停車場,新北市板橋區南雅南路二段144巷,公有停車場,良好,否,不收費,無,是,無,2,24.9956555,121.4508225
蘆洲區,家樂福蘆洲店,新北市三重區五華街282號,賣場,良好,是,10元/次,投幣,是,充電箱,1,25.0879589,121.4864991
林口區,家樂福林口店,新北市林口區文化二路一段 559 號 B1,賣場,良好,是,10元/次,投幣,是,充電箱,1,25.0776542,121.3739531
泰山區,義學立體停車場,新北市泰山區明志路二段188號,公有停車場,良好,否,不收費,無,是,無,2,25.0499925,121.4274469
鶯歌區,建國路停一停車場,新北市鶯歌區建國路66號旁空地,公有停車場,良好,否,不收費,無,是,無,2,24.9554151,121.35513
鶯歌區,老街第二停車場,新北市鶯歌區尖山埔路295號旁空地,公有停車場,良好,否,不收費,無,是,無,2,24.9495595,121.3434969
坪林區,坪林區水柳腳立體停車場,新北市坪林區水柳腳34之1號,公有停車場,良好,否,不收費,無,是,無,2,24.935442,121.7104609
五股區,成洲停車場,五股區成泰路三段320號旁,公有停車場,良好,否,不收費,無,是,無,2,25.0972246,121.4498708
鶯歌區,三號公園前尖山埔路停車場,鶯歌區三號公園前尖山埔路,公有停車場,良好,否,不收費,無,是,無,2,24.953491,121.347488
三峽區,三峽國小地下停車場,新北市三峽區中山路16號,公有停車場,良好,否,不收費,,否,插頭式,4,24.9345806,121.3700769
新店區,新店北新公有停車場,新北市新店區北新路一段92號B1及B2,公有停車場,良好,否,不收費,,是,無,2,24.9688222,121.5420111
土城區,土城區莒光四村平面停車場,新北市土城區中央路1段189巷口南側,公有停車場,良好,否,不收費,,是,無,2,24.9735513,121.4353725
板橋區,板橋新海抽水站平面停車場,新北市板橋區中正路511號,公有停車場,良好,否,不收費,,是,插頭式,2,25.0276864,121.4553133
淡水區,中正市場機車停車場,新北市淡水區中正路115號b1,公有停車場,良好,無,不收費,無,是,充電箱,2,25.1700261,121.4397925
淡水區,中山市場機車停車場,新北市淡水區中山路77號2樓,公有停車場,良好,無,不收費,無,是,充電箱,2,25.1704078,121.4427128
板橋區,新北市政府市民廣場地下停車場,新北市板橋區中山路一段161號,公有停車場,良好,否,不收費,無,是,充電箱,20,25.0122436,121.4653462
三重區,光興國小地下停車場,新北市三重區正義南路62號,公有停車場,良好,否,不收費,無,是,插頭式,10,25.0594536,121.4993049
瑞芳區,瑞芳區消防分隊前汽車平面停車場(嘟嘟房瑞芳站),新北市瑞芳區中正路30號對面,公有停車場,良好,否,不收費,無,是,,2,25.1072863,121.8074429
土城區,延吉立體停車場,新北市土城區德峰街65號,公有停車場,良好,否,不收費,無,是,,2,24.9859282,121.4678118
土城區,中洲平面停車場,新北市土城區中洲路11號對面空地,公有停車場,良好,否,不收費,無,是,,10,24.957509,121.4141151
新莊區,新莊區新莊國民中學地下停車場,新北市新莊區景德街138號,公有停車場,良好,否,不收費,無,是,,2,24.991089,121.5144311
三重區,二重國中地下停車場,新北市三重區忠孝路3段89號B1、B2?,公有停車場,良好,否,不收費,無,是,,2,25.0656964,121.4803284
三重區, 碧華國小地下停車場,新北市三重區五華街160號B1、B2,公有停車場,良好,否,不收費,無,是,,2,25.0844282,121.4906712
板橋區,板橋區重慶公園地下停車場,新北市板橋區重慶路265號B1、B2,公有停車場,良好,否,不收費,無,是,,2,24.999861,121.4637284
板橋區,新北市板橋區新北市立圖書館地下停車場,新北市板橋區貴興路139號B1~B3,公有停車場,良好,否,不收費,無,是,,20,25.0013933,121.4550959
永和區,永和國小地下停車場,新北市永和區中正路412巷對面入口,公有停車場,良好,否,不收費,無,是,,2,25.002062,121.5177989
新莊區,中環站停車場,新北市新莊區中環路2段48之8號斜對面,公有停車場,良好,否,不收費,無,是,,4,25.0442514,121.4420336
新莊區,後港新公園地下停車場,新北市新莊區後港一路19號B1,公有停車場,良好,否,不收費,無,是,,4,25.0260716,121.4240119
板橋區,大漢停車場,新北市板橋區民生路3段119號對面,公有停車場,良好,否,不收費,無,是,,12,25.0256165,121.4661709
三峽區,三角湧平面停車場,新北市三峽區中華路與中華路3巷交叉口,公有停車場,良好,否,不收費,無,是,插頭式,4,24.9328033,121.3746467
三峽區,光明平面停車場,新北市三峽區光明路39號之1,公有停車場,良好,否,不收費,無,是,插頭式,2,24.9307927,121.3737448
三峽區,長福平面停車場,新北市三峽區光明路1號,公有停車場,良好,否,不收費,無,是,插頭式,2,24.932318,121.372256
三峽區,防災公園平面停車場,新北市三峽區國光街60號,公有停車場,良好,否,不收費,無,是,插頭式,4,24.9385908,121.3740816
板橋區, 板橋國小地下停車場,板橋區文化路一段23號B1~B3,公有停車場,良好,否,不收費,無,是,插頭式,2,25.0108349,121.4581976
板橋區, 板橋國中地下停車場,板橋區中正路437號B1,公有停車場,良好,否,不收費,無,是,插頭式,2,25.0240328,121.4542122
林口區,新北市林口區機一臨時平面停車場,新北市林口區文化三路1段與忠孝三路交叉口,公有停車場,良好,否,不收費,無,是,插頭式,4,25.0723196,121.3655764
新店區, 新店區新店高中地下停車場,新店區中央路93號B1、B2,公有停車場,良好,否,不收費,無,是,插頭式,2,24.9756196,121.5320259
新店區,三民地下停車場,新北市新店區三民路20-1號,公有停車場,良好,否,不收費,無,是,插頭式,2,24.9710424,121.537346
汐止區,汐止國民運動中心停車場,新北市汐止區汐科路321號,公有停車場,良好,否,不收費,無,是,插頭式,2,25.0652071,121.65723
淡水區,新北市淡水區市民聯合服務中心地下停車場,新北市淡水區中山北路2段375號,公有停車場,良好,否,不收費,無,是,插頭式,2,25.1869858,121.4437431
三重區, 聯邦地下停車場,新北市三重區中華路125號B2,公有停車場,良好,否,不收費,無,是,插頭式,5,25.0639327,121.4837771
蘆洲區,新北市蘆洲區鴨母港抽水站平面停車場,新北市蘆洲區永安南路與環堤大道交叉處及永安南路與長安街223巷交叉處,公有停車場,良好,否,不收費,無,是,插頭式,5,25.0827875,121.4559626
板橋區, 新北市板橋區華翠橋下H、I、K平面停車場,新北市板橋區華翠橋下(新北市板橋區富山街至太和街間),公有停車場,良好,否,不收費,無,是,插頭式,2,25.0212753,121.4751739
三重區,新北市三重區龍門路274巷51號對面,三德公園機車專用停車格,公有停車格,良好,否,不收費,無,是,插頭式,3,25.0753472,121.5008907
八里區,新北市八里區龍米路2段150號隔壁, 新北市八里區龍米平面停車場,公有停車場,良好,否,不收費,無,是,插頭式,10,25.1320168,121.4525765
土城區,新北市土城區學成路81號B1~B3,學成公園地下停車場,公有停車場,良好,否,不收費,無,是,插頭式,5,24.9879679,121.4511998
板橋區,新北市板橋區陽明街166號1F及B1~B3,板橋四維公園地下停車場,公有停車場,良好,否,不收費,無,是,插頭式,3,25.0256176,121.4639455
貢寮區,新北市貢寮區仁愛路43號B1,貢寮澳底公園地下停車場,公有停車場,良好,否,不收費,無,是,插頭式,3,25.0535257,121.9252256
新莊區,新北市新莊區四維路95號, 新北市新莊區四維立體停車場,公有停車場,良好,否,不收費,無,是,插頭式,2,25.0238594,121.4235
新店區,新北市新店區三民路161號B1、B2, 新店高中停車場,公有停車場,良好,否,不收費,無,是,插頭式,6,24.9742319,121.5341234
三重區,三重區永福街66號地下1至地下2層, 永福國小地下停車場,公有停車場,良好,否,不收費,無,是,插頭式,2,25.0775352,121.4798061
三重區,新北市三重區河邊北街70號對面，位於環河北路近開元公園至環河北路128巷,新北市三重區環河快速高架橋下平面停車場,公有停車場,良好,否,不收費,無,是,插頭式,10,25.0545227,121.5075047
中和區,新北市中和區員山路154號B1、B2, 積穗國小地下停車場,公有停車場,良好,否,不收費,無,是,插頭式,10,24.9992287,121.4821015
板橋區,新北市板橋區文化路2段413號B1、B2, 江翠國小地下停車場,公有停車場,良好,否,不收費,無,是,插頭式,9,25.0332564,121.4738338
三重區,新北市三重區公園街32地號, 龍門公園地下停車場,公有停車場,良好,否,不收費,無,是,插頭式,2,25.0743227,121.4984694
三重區,新北市三重區五華街7巷30號, 五常公園地下停車場,公有停車場,良好,否,不收費,無,是,插頭式,2,34.798664,135.6464687
三重區,新北市三重區中華路125號B2、B3, 聯邦地下停車場,公有停車場,良好,否,不收費,無,是,插頭式,5,25.0639415,121.4837993
三重區,新北市三重區永福街10巷8號B1~B3,新北市三重區力行地下停車場,公有停車場,良好,否,不收費,無,是,插頭式,10,25.0778258,121.4829104
中和區,新北市中和區景新街399巷12號,中和景新立體停車場 ,公有停車場,良好,否,不收費,無,是,插頭式,5,24.9962178,121.4853103
永和區,新北市永和區文化路133號,頂溪國小地下停車場 ,公有停車場,良好,否,不收費,無,是,插頭式,6,25.0149574,121.5112023
汐止區,新北市汐止區茄苳路112號對面, 新北市汐止區崇德平面停車場 ,公有停車場,良好,否,不收費,無,是,插頭式,2,25.07045,121.6681213
淡水區,新北市淡水區民生路27-1號,民生立體車場,公有停車場,良好,否,不收費,無,是,插頭式,10,25.0584021,121.5596168
新店區,新北市新店區寶橋路10號,寶橋立體停車場,公有停車場,良好,否,不收費,無,是,插頭式,10,24.974504,121.545719
新莊區,新北市新莊區景德街138號,新莊區新莊國民中學地下停車場,公有停車場,良好,否,不收費,無,是,插頭式,5,25.0342778,121.4513198
鶯歌區,新北市鶯歌區重慶街30號旁,鶯歌區三號公園(重慶街)平面停車場 ,公有停車場,良好,否,不收費,無,是,插頭式,2,24.953491,121.347488
